{
  "author": "bitsofalex",
  "name": "acute-select",
  "description": "Fork of acute-select by john-oc",
  "version": "0.1.0",
  "homepage": "https://github.com/bitsofalex/acute-select",
  "repository": {
    "type": "git",
    "url": "git://github.com/bitsofalex/acute-select.git"
  },
  "main": [
    "./acute.select/acute.select.js",
    "./acute.select/acute.select.div.css",
    "./acute.select/div-template/acute.select.htm"
  ],
  "dependencies": {
    "angular": "1.2.7",
    "angular-touch": "1.2.7"
  },
  "devDependencies": {
    "angular": "1.2.7",
    "angular-touch": "1.2.7",
    "angular-mocks": "1.2.7"
  },
  "_release": "0.1.0",
  "_resolution": {
    "type": "version",
    "tag": "0.1.0",
    "commit": "bb4f3bc58888ee48d1fc9bc2aea825dc7a76dcce"
  },
  "_source": "https://github.com/bitsofalex/acute-select.git",
  "_target": "0.1.0",
  "_originalSource": "acute-select"
}